epoch,acc,val_acc,loss,val_loss,learning_rate,,212
1,0.689029933,0.739130419,0.876790164,0.777341135,0.001,,
2,0.753399834,0.739130435,0.75897457,0.785776424,0.001,,
3,0.753399826,0.739130435,0.74615828,0.757989054,0.001,,
4,0.75339983,0.739130435,0.735167853,0.753622727,0.001,,
5,0.753399826,0.739130435,0.731310613,0.760956653,0.001,,
6,0.753399825,0.739130435,0.731689242,0.759393061,0.001,,
7,0.753399828,0.739130435,0.733694497,0.777283992,0.001,,
8,0.753399829,0.739130435,0.737630551,0.758044278,0.001,,
9,0.753399828,0.797101447,0.708543099,0.58365068,0.001,,
10,0.78241161,0.739130435,0.697456679,0.782902908,0.001,,
11,0.753399826,0.739130435,0.747936245,0.752810495,0.001,,
12,0.753399816,0.148550722,0.732352215,1.099767977,0.001,,
13,0.694469635,0.760869578,0.757531203,0.659180821,0.001,,
14,0.814143244,0.829710133,0.594701932,0.533087507,0.001,,
15,0.815049858,0.84057971,0.556293147,0.497311401,0.001,,
16,0.818676332,0.807971024,0.537444903,0.561760354,0.001,,
17,0.82048957,0.833333321,0.535788658,0.500874384,0.001,,
18,0.82955575,0.847826085,0.507503023,0.467651067,0.001,,
19,0.822302807,0.811594211,0.531090813,0.509797767,0.001,,
20,0.830462364,0.851449272,0.499834886,0.453979937,0.001,,
21,0.83499546,0.815217399,0.497597537,0.504036086,0.001,,
22,0.835902075,0.858695632,0.484085626,0.457557395,0.001,,
23,0.831368992,0.869565209,0.498122149,0.472327348,0.001,,
24,0.827742514,0.836956523,0.501733188,0.482475513,0.001,,
25,0.854034454,0.880434771,0.449522221,0.403263857,0.001,,
26,0.846781491,0.891304351,0.46662331,0.402002972,0.001,,
27,0.844061642,0.84057971,0.462101296,0.476661946,0.001,,
28,0.848594725,0.894927539,0.452335695,0.359484661,0.001,,
29,0.873073419,0.873188394,0.387401667,0.452923051,0.001,,
30,0.875793291,0.87681158,0.364886103,0.334323507,0.001,,
31,0.872166806,0.920289868,0.359314171,0.23486959,0.001,,
32,0.904805089,0.931159429,0.262734404,0.192377258,0.001,,
33,0.93019041,0.949275366,0.204363479,0.151826011,0.001,,
34,0.953762481,0.949275366,0.141976408,0.137185488,0.001,,
35,0.934723493,0.913043486,0.177653077,0.268170185,0.001,,
36,0.925657307,0.95652174,0.200439029,0.108930869,0.001,,
37,0.958295567,0.956521755,0.125960691,0.145675318,0.001,,
38,0.968268365,0.967391316,0.106028135,0.100135901,0.001,,
39,0.976427928,0.95289853,0.084611412,0.158032997,0.001,,
40,0.975521313,0.963768129,0.085608349,0.099196773,0.001,,
41,0.966455133,0.963768129,0.092717077,0.096319338,0.001,,
42,0.974614695,0.978260877,0.084119741,0.080000456,0.001,,
43,0.969174988,0.971014505,0.088680713,0.110632228,0.001,,
44,0.987307348,0.960144928,0.053157005,0.114153144,0.001,,
45,0.987307349,0.971014474,0.038860488,0.110452713,0.001,,
46,0.985494111,0.967391317,0.046818399,0.098818543,0.001,,
47,0.982774258,0.97463769,0.045256962,0.095775499,0.001,,
48,0.982774258,0.956521742,0.047802678,0.117991028,0.001,,
49,0.990027203,0.971014504,0.039798637,0.113810633,0.001,,
50,0.98186764,0.967391315,0.053156019,0.087575623,0.001,,
51,0.991840438,0.974637689,0.024903909,0.073922127,0.001,,
52,0.993653674,0.974637689,0.020976826,0.080893311,0.001,,
53,0.992747056,0.971014502,0.023359522,0.083588963,0.001,,
54,0.993653674,0.971014502,0.018901304,0.093857376,0.001,,
55,0.990027202,0.971014502,0.033532644,0.125073074,0.001,,
56,0.989120583,0.967391316,0.026608598,0.115376119,0.001,,
57,0.991840438,0.974637691,0.019313499,0.106458184,0.001,,
58,0.988213963,0.978260877,0.034733442,0.087494197,0.001,,
59,0.997280146,0.985507252,0.01347828,0.055498697,0.001,,
60,0.997280146,0.97463769,0.013486457,0.049123896,0.001,,
61,0.994560292,0.978260877,0.017923276,0.084741784,0.001,,
62,0.987307348,0.978260877,0.039606696,0.080595072,0.001,,
63,0.994560292,0.978260878,0.016245372,0.06209059,0.001,,
64,0.99546691,0.967391315,0.011619327,0.10694175,0.001,,
65,1,0.967391315,0.004208721,0.150235078,0.001,,
66,0.99546691,0.963768129,0.012573948,0.157197523,0.001,,
67,0.993653674,0.971014504,0.013885203,0.125761083,0.001,,
68,0.994560292,0.985507251,0.017267122,0.074802825,0.001,,
69,0.987307349,0.97463769,0.035909067,0.133210879,0.001,,
70,0.997280146,0.971014502,0.009753,0.152052034,0.001,,
71,0.99546691,0.963768128,0.010951067,0.170275049,0.001,,
72,0.994560292,0.967391316,0.0129493,0.261029562,0.001,,
73,0.980961022,0.967391315,0.061156922,0.093228851,0.001,,
74,0.990027203,0.971014494,0.025298953,0.098051764,0.001,,
75,0.993653674,0.967391315,0.023447988,0.094791863,0.001,,
76,0.997280146,0.963768129,0.008491913,0.119932627,0.001,,
77,0.994560292,0.967391302,0.017217292,0.141341272,0.001,,
78,0.991840438,0.971014505,0.028537014,0.087139347,0.001,,
79,0.989120585,0.971014505,0.027205155,0.119350098,0.001,,
80,0.990933817,0.978260878,0.034894258,0.096043469,0.001,,
81,0.99546691,0.971014504,0.010987117,0.113281571,0.001,,
82,0.989120581,0.971014504,0.02670632,0.120509691,0.001,,
83,0.984587493,0.95652174,0.039979253,0.138918778,0.001,,
84,0.989120584,0.97463769,0.036395805,0.084950973,0.001,,
85,0.99093382,0.967391315,0.018103728,0.110294531,0.001,,
86,0.996373528,0.97463769,0.007917971,0.087336687,0.001,,
87,0.989120584,0.967391314,0.02230789,0.122737415,0.001,,
88,0.99546691,0.967391315,0.011415381,0.130973565,0.001,,
89,0.994560292,0.971014474,0.014422357,0.141227513,0.001,,
90,0.999093382,0.97463769,0.003925336,0.183099646,0.001,,
91,0.997280146,0.97463769,0.016043914,0.117998902,0.001,,
92,0.998186764,0.971014502,0.005607781,0.103404809,0.001,,
93,1,0.978260877,0.001092363,0.087867826,0.001,,
94,0.997280146,0.97463769,0.004368061,0.096983569,0.001,,
95,0.999093382,0.971014502,0.002166815,0.102929954,0.001,,
96,1,0.978260877,0.000784359,0.098152183,0.001,,
97,0.999093382,0.97463769,0.00202007,0.117570369,0.001,,
98,1,0.97463769,0.002210441,0.129687214,0.001,,
99,0.998186764,0.978260877,0.004231175,0.125069875,0.001,,
100,1,0.97463769,0.000835114,0.184455853,0.001,,
101,1,0.97463769,0.000960737,0.114584972,0.001,,
102,1,0.971014502,0.000695881,0.126717215,0.001,,
103,1,0.97463769,0.000262586,0.129255555,0.001,,
104,1,0.97463769,0.00016161,0.122843652,0.001,,
105,0.999093382,0.978260877,0.001047371,0.121922351,0.001,,
106,1,0.981884064,0.000352984,0.122509737,0.001,,
107,1,0.981884064,7.35E-05,0.123790613,0.001,,
108,1,0.981884064,0.000271752,0.123168458,0.001,,
109,1,0.981884064,4.07E-05,0.122843538,0.001,,
110,0.999093382,0.978260877,0.001851883,0.134953995,0.001,,
111,0.997280146,0.963768129,0.010219726,0.260831713,0.001,,
112,0.993653674,0.960144942,0.012647059,0.194056006,0.001,,
113,0.993653674,0.96376813,0.011371482,0.148899049,0.001,,
114,0.99093382,0.967391316,0.019926886,0.114918984,0.001,,
115,0.991840438,0.971014502,0.018046433,0.132144003,0.001,,
116,0.99546691,0.971014502,0.013712461,0.153059207,0.001,,
117,0.991840438,0.971014474,0.019853285,0.133560931,0.001,,
118,0.99546691,0.97463769,0.008528179,0.114043626,0.001,,
119,0.998186764,0.97463769,0.006614156,0.14363389,0.001,,
120,0.998186765,0.981884064,0.003822145,0.145626403,0.001,,
121,0.99546691,0.967391317,0.008564646,0.208099984,0.001,,
122,0.979147782,0.971014504,0.061621423,0.101506532,0.001,,
123,0.982774258,0.956521755,0.053172319,0.107825297,0.001,,
124,0.993653674,0.989130438,0.014444101,0.054758099,0.001,,
125,0.99546691,0.978260877,0.014717583,0.049854163,0.001,,
126,1,0.978260877,0.005285867,0.059484114,0.001,,
127,0.999093382,0.978260877,0.002675034,0.062396012,0.001,,
128,1,0.978260877,0.001626514,0.084888912,0.001,,
129,0.998186765,0.985507252,0.006040715,0.093689793,0.001,,
130,0.992747056,0.981884064,0.020375526,0.070310774,0.001,,
131,0.991840435,0.985507252,0.020153616,0.058388757,0.001,,
132,0.998186764,0.981884066,0.007127048,0.07714138,0.001,,
133,0.997280146,0.974637691,0.007362129,0.079132182,0.001,,
134,1,0.985507251,0.001749481,0.047231905,0.001,,
135,0.999093382,0.978260878,0.003943936,0.059003766,0.001,,
136,1,0.981884064,0.001083794,0.068712507,0.001,,
137,1,0.981884064,0.000179457,0.077914157,0.001,,
138,1,0.981884064,0.00056665,0.072136781,0.001,,
139,1,0.981884064,0.000604586,0.072939299,0.001,,
140,0.999093382,0.981884056,0.001073235,0.09247658,0.001,,
141,1,0.978260878,0.000263295,0.092815205,0.001,,
142,1,0.978260878,0.000707678,0.09443786,0.001,,
143,1,0.981884064,0.000116994,0.109520672,0.001,,
144,1,0.981884064,0.000134535,0.113432893,0.001,,
145,1,0.981884064,0.00056266,0.10313922,0.001,,
146,0.999093382,0.97463769,0.002390102,0.148376636,0.001,,
147,0.996373528,0.978260878,0.016883654,0.102478583,0.001,,
148,0.999093382,0.978260877,0.00186532,0.106548713,0.001,,
149,0.999093382,0.97463769,0.00417378,0.095311918,0.001,,
150,0.999093382,0.971014504,0.003395702,0.179119068,0.001,,
151,0.997280146,0.985507251,0.005951461,0.111480185,0.001,,
152,0.996373529,0.967391317,0.007725957,0.150472707,0.001,,
153,0.996373528,0.97463769,0.016386801,0.097646556,0.001,,
154,0.998186764,0.978260877,0.006568106,0.092931789,0.001,,
155,0.998186764,0.974637679,0.005188596,0.145661983,0.001,,
156,0.998186764,0.978260877,0.003953625,0.099977695,0.001,,
157,1,0.978260878,0.000235476,0.077468294,0.001,,
158,0.999093382,0.981884064,0.00120904,0.076999119,0.001,,
159,0.999093382,0.97463769,0.00236381,0.084123199,0.001,,
160,0.999093382,0.981884056,0.003972817,0.078196759,0.001,,
161,0.999093382,0.97463769,0.002623329,0.109494822,0.001,,
162,0.998186764,0.985507252,0.007425542,0.071057423,0.001,,
163,0.997280146,0.985507253,0.004427795,0.065627478,0.001,,
164,0.989120583,0.971014505,0.046297982,0.19560069,0.001,,
165,0.97552131,0.978260877,0.07173053,0.087344128,0.001,,
166,0.991840438,0.974637691,0.017771837,0.074409545,0.001,,
167,0.992747056,0.985507252,0.016442754,0.057665939,0.001,,
168,0.992747056,0.97101449,0.023600651,0.077983961,0.001,,
169,0.997280146,0.97463769,0.007316299,0.061800174,0.001,,
170,0.999093382,0.971014502,0.002308287,0.068506672,0.001,,
171,0.998186764,0.978260877,0.004355759,0.083307445,0.001,,
172,0.999093382,0.981884064,0.00354444,0.063099111,0.001,,
173,0.999093382,0.989130439,0.004156521,0.046185193,0.001,,
174,0.999093382,0.978260877,0.003538381,0.096557922,0.001,,
175,0.998186764,0.967391316,0.003062622,0.115733278,0.001,,
176,0.999093382,0.967391316,0.001433642,0.120342996,0.001,,
177,0.998186765,0.978260877,0.002713053,0.071221967,0.001,,
178,0.999093382,0.985507253,0.003495384,0.047393526,0.001,,
179,1,0.98913044,0.000610703,0.047836284,0.001,,
180,0.997280146,0.981884066,0.005263252,0.0540797,0.001,,
181,0.997280146,0.981884064,0.004853137,0.066316225,0.001,,
182,0.998186764,0.981884064,0.009258796,0.067126657,0.001,,
183,1,0.985507252,0.001446938,0.04943949,0.001,,
184,1,0.985507252,0.000790516,0.042495802,0.001,,
185,1,0.985507252,0.000235436,0.049197636,0.001,,
186,0.999093382,0.978260877,0.001922929,0.0793565,0.001,,
187,0.999093382,0.981884064,0.003078509,0.04941015,0.001,,
188,0.998186764,0.963768111,0.004146105,0.107512962,0.001,,
189,0.999093382,0.978260877,0.002770321,0.099521021,0.001,,
190,1,0.971014502,0.001379019,0.102207186,0.001,,
191,0.999093382,0.978260877,0.00157631,0.09151134,0.001,,
192,0.999093382,0.967391316,0.000917181,0.137801117,0.001,,
193,0.999093382,0.985507252,0.003592559,0.068779741,0.001,,
194,1,0.981884064,7.50E-05,0.094453035,0.001,,
195,1,0.967391316,0.001028244,0.13375069,0.001,,
196,0.999093382,0.978260878,0.003352216,0.057133373,0.001,,
197,0.998186764,0.981884064,0.007168605,0.123233518,0.001,,
198,0.996373528,0.978260877,0.012291546,0.090483713,0.001,,
199,0.998186764,0.981884063,0.004720564,0.137175284,0.001,,
200,1,0.985507251,0.000913374,0.131387029,0.001,,
201,0.999093382,0.981884063,0.003181009,0.141339033,0.0006,,
202,0.999093383,0.981884064,0.002534331,0.129877796,0.0006,,
203,0.998186764,0.978260877,0.00814574,0.10221455,0.0006,,
204,0.998186765,0.978260876,0.003486172,0.067862901,0.0006,,
205,1,0.978260877,0.001606896,0.094457035,0.0006,,
206,0.999093382,0.981884063,0.001742349,0.07120579,0.0006,,
207,1,0.985507251,0.000266797,0.075910318,0.0006,,
208,1,0.985507251,0.001045152,0.061710089,0.0006,,
209,0.999093382,0.978260877,0.001167293,0.071034334,0.0006,,
210,0.999093382,0.992753625,0.002483634,0.045156783,0.0006,,
211,0.998186765,0.989130438,0.002192594,0.041812638,0.0006,,
212,1,0.992753625,8.06E-05,0.035522537,0.0006,,
213,1,0.981884069,0.000558071,0.06383136,0.0006,,
214,1,0.981884064,0.000361591,0.064889788,0.0006,,
215,1,0.985507252,0.000228509,0.061503766,0.0006,,
216,1,0.985507252,3.08E-05,0.059285763,0.0006,,
217,1,0.989130439,7.79E-05,0.058225638,0.0006,,
218,1,0.985507252,2.74E-05,0.057222715,0.0006,,
219,1,0.985507252,7.64E-05,0.056577743,0.0006,,
220,1,0.985507252,3.63E-05,0.055471341,0.0006,,
221,1,0.978260877,0.000344575,0.072300364,0.0006,,
222,0.999093382,0.981884064,0.001345508,0.058631073,0.0006,,
223,0.999093382,0.985507252,0.002081159,0.066837555,0.0006,,
224,0.999093382,0.978260877,0.001448938,0.087014986,0.0006,,
225,1,0.981884064,0.000230996,0.078351016,0.0006,,
226,1,0.989130438,0.000462227,0.062442258,0.0006,,
227,1,0.989130438,7.31E-05,0.062494601,0.0006,,
228,1,0.989130438,8.76E-05,0.064685307,0.0006,,
229,1,0.989130438,7.08E-05,0.063317881,0.0006,,
230,1,0.989130438,7.09E-05,0.063094027,0.0006,,
231,1,0.989130438,0.00010067,0.063958506,0.0006,,
232,1,0.989130438,6.56E-06,0.064829351,0.0006,,
233,1,0.989130438,1.25E-05,0.065156431,0.0006,,
234,1,0.989130438,2.64E-05,0.064593431,0.0006,,
235,1,0.989130438,9.33E-06,0.064510274,0.0006,,
236,1,0.985507252,0.000112085,0.064413242,0.0006,,
237,1,0.985507254,1.53E-05,0.06461266,0.0006,,
238,1,0.985507252,1.26E-05,0.064450916,0.0006,,
239,1,0.985507252,5.46E-05,0.064485595,0.0006,,
240,1,0.985507252,7.95E-06,0.064554998,0.0006,,
241,1,0.989130438,5.10E-06,0.06468292,0.0006,,
242,1,0.989130438,5.47E-06,0.064810527,0.0006,,
243,1,0.989130438,3.08E-06,0.064923874,0.0006,,
244,1,0.989130438,1.47E-05,0.064871879,0.0006,,
245,1,0.989130438,2.49E-05,0.064921293,0.0006,,
246,1,0.989130438,1.30E-05,0.065264646,0.0006,,
247,1,0.989130438,1.71E-05,0.065530136,0.0006,,
248,1,0.989130438,0.000201781,0.067618337,0.0006,,
249,1,0.989130438,1.55E-05,0.069670323,0.0006,,
250,1,0.992753617,2.27E-05,0.070175151,0.0006,,
251,1,0.989130438,5.75E-05,0.069802733,0.0006,,
252,1,0.989130438,2.50E-05,0.069405915,0.0006,,
253,1,0.989130438,1.18E-05,0.069421272,0.0006,,
254,1,0.989130438,1.72E-05,0.06963513,0.0006,,
255,1,0.989130438,7.30E-06,0.069826877,0.0006,,
256,1,0.989130438,1.91E-05,0.069911089,0.0006,,
257,1,0.989130438,5.18E-05,0.06959498,0.0006,,
258,1,0.985507251,4.91E-06,0.069563167,0.0006,,
259,1,0.985507251,8.38E-06,0.069627035,0.0006,,
260,1,0.981884063,6.42E-06,0.069669627,0.0006,,
261,1,0.981884063,4.36E-06,0.069769679,0.0006,,
262,1,0.981884062,3.40E-06,0.069861569,0.0006,,
263,1,0.981884063,3.68E-06,0.069915588,0.0006,,
264,1,0.985507251,1.31E-05,0.069410274,0.0006,,
265,1,0.985507251,6.71E-06,0.069097788,0.0006,,
266,1,0.985507251,3.10E-06,0.06922912,0.0006,,
267,1,0.985507251,4.63E-06,0.069305978,0.0006,,
268,1,0.985507251,1.42E-06,0.069445004,0.0006,,
269,1,0.985507251,4.08E-06,0.069572953,0.0006,,
270,1,0.985507251,1.12E-05,0.069847164,0.0006,,
271,1,0.985507251,7.26E-06,0.069990737,0.0006,,
272,1,0.985507251,1.79E-06,0.070083463,0.0006,,
273,1,0.985507251,3.44E-06,0.070140796,0.0006,,
274,1,0.978260877,0.000405237,0.066010164,0.0006,,
275,1,0.978260877,0.000176451,0.084176475,0.0006,,
276,1,0.978260877,5.00E-05,0.075543194,0.0006,,
277,1,0.978260877,5.44E-05,0.067722198,0.0006,,
278,1,0.981884069,4.55E-06,0.065517492,0.0006,,
279,1,0.978260877,0.000112833,0.066199909,0.0006,,
280,1,0.981884063,1.19E-05,0.06875358,0.0006,,
281,1,0.981884063,5.52E-06,0.070351649,0.0006,,
282,1,0.981884063,4.06E-06,0.071001224,0.0006,,
283,1,0.981884063,3.96E-05,0.071766004,0.0006,,
284,1,0.981884063,2.30E-06,0.072959509,0.0006,,
285,1,0.981884063,2.23E-05,0.073540059,0.0006,,
286,1,0.981884063,2.84E-06,0.074210954,0.0006,,
287,1,0.981884063,3.59E-06,0.074471632,0.0006,,
288,1,0.981884063,8.71E-06,0.074637236,0.0006,,
289,1,0.981884063,1.99E-06,0.074830379,0.0006,,
290,1,0.981884063,8.64E-07,0.074914203,0.0006,,
291,1,0.981884063,5.78E-06,0.074851022,0.0006,,
292,1,0.981884063,3.10E-06,0.074865761,0.0006,,
293,1,0.981884063,3.67E-06,0.074736835,0.0006,,
294,1,0.981884063,1.69E-06,0.074731886,0.0006,,
295,1,0.981884062,1.21E-06,0.07479225,0.0006,,
296,1,0.981884063,3.00E-06,0.074890643,0.0006,,
297,1,0.981884063,2.67E-06,0.075186844,0.0006,,
298,1,0.981884063,2.54E-06,0.075304314,0.0006,,
299,1,0.981884063,2.46E-06,0.075300853,0.0006,,
300,1,0.981884063,6.91E-06,0.074899871,0.0006,,
301,1,0.981884063,6.56E-06,0.074791911,0.00036,,
302,1,0.981884062,2.66E-06,0.074777329,0.00036,,
303,1,0.981884062,1.52E-06,0.074798392,0.00036,,
304,1,0.981884063,1.65E-06,0.074833301,0.00036,,
305,1,0.981884063,1.06E-05,0.074963148,0.00036,,
306,1,0.981884062,7.42E-07,0.075047718,0.00036,,
307,1,0.981884063,1.45E-06,0.07509556,0.00036,,
308,1,0.981884063,3.10E-06,0.075093945,0.00036,,
309,1,0.981884063,5.73E-06,0.075101732,0.00036,,
310,1,0.981884063,1.76E-06,0.075108638,0.00036,,
311,1,0.981884062,8.54E-07,0.075131089,0.00036,,
312,1,0.981884063,4.47E-06,0.075223836,0.00036,,
313,1,0.981884063,1.91E-06,0.075251628,0.00036,,
314,1,0.981884063,4.55E-06,0.075014967,0.00036,,
315,1,0.981884063,3.00E-06,0.074904348,0.00036,,
316,1,0.981884063,9.27E-06,0.075023738,0.00036,,
317,1,0.981884062,5.40E-06,0.075191559,0.00036,,
318,1,0.981884063,2.29E-06,0.075167585,0.00036,,
319,1,0.981884063,2.76E-06,0.075148681,0.00036,,
320,1,0.981884063,2.34E-06,0.075096639,0.00036,,
321,1,0.981884063,1.97E-05,0.074933768,0.00036,,
322,1,0.981884062,5.69E-05,0.074236167,0.00036,,
323,1,0.981884063,4.81E-06,0.074052756,0.00036,,
324,1,0.981884063,1.09E-06,0.074071601,0.00036,,
325,1,0.981884063,1.30E-06,0.074123675,0.00036,,
326,1,0.981884063,6.95E-06,0.074235852,0.00036,,
327,1,0.981884062,4.67E-06,0.07435786,0.00036,,
328,1,0.981884063,1.33E-06,0.074399294,0.00036,,
329,1,0.981884063,7.90E-07,0.074415427,0.00036,,
330,1,0.981884063,1.17E-06,0.074432657,0.00036,,
331,1,0.981884063,1.60E-06,0.074463785,0.00036,,
332,1,0.981884063,2.36E-06,0.074618141,0.00036,,
333,1,0.981884063,4.72E-05,0.072413728,0.00036,,
334,1,0.981884062,0.000108426,0.072256137,0.00036,,
335,1,0.981884062,1.07E-06,0.073742997,0.00036,,
336,1,0.978260876,2.86E-06,0.074373169,0.00036,,
337,1,0.978260876,2.21E-06,0.074675598,0.00036,,
338,1,0.978260876,9.68E-07,0.074786225,0.00036,,
339,1,0.978260876,4.13E-06,0.074841214,0.00036,,
340,1,0.978260876,2.52E-06,0.074915466,0.00036,,
341,1,0.978260876,1.05E-06,0.074989879,0.00036,,
342,1,0.978260876,3.06E-06,0.075053469,0.00036,,
343,1,0.978260857,6.19E-07,0.075148596,0.00036,,
344,1,0.978260876,6.91E-07,0.075195333,0.00036,,
345,1,0.978260876,1.04E-06,0.075221719,0.00036,,
346,1,0.978260876,4.24E-06,0.075403251,0.00036,,
347,1,0.978260876,4.32E-06,0.075592347,0.00036,,
348,1,0.978260876,4.92E-06,0.075595628,0.00036,,
349,1,0.978260876,5.14E-07,0.075568528,0.00036,,
350,1,0.978260876,6.35E-07,0.07557527,0.00036,,
351,1,0.978260876,7.74E-07,0.075591282,0.00036,,
352,1,0.978260876,6.47E-07,0.075595388,0.00036,,
353,1,0.978260876,1.74E-06,0.075633486,0.00036,,
354,1,0.978260876,8.42E-07,0.075681791,0.00036,,
355,1,0.978260876,4.38E-06,0.075578726,0.00036,,
356,1,0.978260876,3.14E-06,0.075661512,0.00036,,
357,1,0.978260876,7.86E-07,0.075701968,0.00036,,
358,1,0.978260876,1.04E-06,0.075739399,0.00036,,
359,1,0.978260857,5.12E-07,0.075757932,0.00036,,
360,1,0.978260857,1.26E-06,0.075758385,0.00036,,
361,1,0.978260876,7.73E-07,0.075761594,0.00036,,
362,1,0.978260876,3.19E-06,0.075821352,0.00036,,
363,1,0.978260876,1.32E-06,0.075891691,0.00036,,
364,1,0.978260876,8.52E-07,0.075941373,0.00036,,
365,1,0.978260876,2.31E-06,0.076005093,0.00036,,
366,1,0.978260876,1.46E-06,0.076133643,0.00036,,
367,1,0.978260876,8.44E-07,0.076215979,0.00036,,
368,1,0.978260876,1.91E-06,0.076262325,0.00036,,
369,1,0.978260876,5.61E-07,0.076316114,0.00036,,
370,1,0.981884063,2.83E-05,0.076053529,0.00036,,
371,1,0.981884063,9.68E-07,0.075924253,0.00036,,
372,1,0.981884063,1.11E-06,0.075909009,0.00036,,
373,1,0.981884063,3.10E-06,0.075941734,0.00036,,
374,1,0.981884063,1.34E-05,0.07590513,0.00036,,
375,1,0.981884063,2.14E-06,0.075867759,0.00036,,
376,1,0.981884063,8.14E-06,0.075892696,0.00036,,
377,1,0.981884063,8.98E-07,0.075771044,0.00036,,
378,1,0.981884063,2.89E-06,0.075728558,0.00036,,
379,1,0.981884063,1.70E-05,0.075176139,0.00036,,
380,1,0.981884063,7.63E-07,0.074866196,0.00036,,
381,1,0.981884063,1.34E-06,0.074799028,0.00036,,
382,1,0.981884063,1.02E-06,0.074803016,0.00036,,
383,1,0.981884063,1.46E-06,0.074844277,0.00036,,
384,1,0.981884063,2.32E-06,0.074946933,0.00036,,
385,1,0.981884063,8.17E-07,0.075017718,0.00036,,
386,1,0.981884063,9.33E-07,0.075086601,0.00036,,
387,1,0.981884063,2.59E-06,0.075205498,0.00036,,
388,1,0.981884063,2.12E-06,0.075319822,0.00036,,
389,1,0.981884063,1.37E-06,0.075427384,0.00036,,
390,1,0.981884063,2.12E-06,0.07555295,0.00036,,
391,1,0.981884063,7.45E-07,0.075614242,0.00036,,
392,1,0.981884063,1.24E-06,0.075643145,0.00036,,
393,1,0.981884063,1.67E-06,0.075702856,0.00036,,
394,1,0.981884062,6.24E-07,0.075789122,0.00036,,
395,1,0.981884063,2.08E-06,0.075794196,0.00036,,
396,1,0.981884063,8.80E-07,0.075796727,0.00036,,
397,1,0.981884063,4.94E-06,0.075899961,0.00036,,
398,1,0.981884063,1.61E-06,0.076029699,0.00036,,
399,1,0.981884063,5.14E-06,0.076217826,0.00036,,
400,1,0.981884063,1.68E-06,0.076370279,0.00036,,
401,1,0.981884063,1.03E-06,0.076433043,0.000216,,
402,1,0.981884063,1.05E-05,0.076432215,0.000216,,
403,1,0.981884063,1.74E-06,0.076420982,0.000216,,
404,1,0.981884063,2.81E-06,0.076409558,0.000216,,
405,1,0.981884063,2.69E-06,0.076347688,0.000216,,
406,1,0.981884063,1.18E-06,0.076348389,0.000216,,
407,1,0.981884063,1.31E-06,0.07635013,0.000216,,
408,1,0.981884063,1.06E-06,0.076373101,0.000216,,
409,1,0.981884062,1.47E-06,0.076423926,0.000216,,
410,1,0.981884063,1.48E-06,0.076488881,0.000216,,
411,1,0.981884063,1.03E-06,0.07653468,0.000216,,
412,1,0.981884063,2.86E-06,0.076576364,0.000216,,
413,1,0.981884063,1.30E-06,0.076604014,0.000216,,
414,1,0.981884063,7.43E-07,0.076623215,0.000216,,
415,1,0.981884063,4.41E-07,0.076640477,0.000216,,
416,1,0.981884063,5.75E-07,0.0766545,0.000216,,
417,1,0.981884062,1.96E-06,0.076684888,0.000216,,
418,1,0.981884063,1.80E-06,0.076541937,0.000216,,
419,1,0.981884063,1.45E-06,0.076509115,0.000216,,
420,1,0.981884063,8.53E-07,0.076522616,0.000216,,
421,1,0.981884063,1.51E-06,0.07657329,0.000216,,
422,1,0.981884063,2.07E-06,0.076630576,0.000216,,
423,1,0.981884063,6.37E-06,0.07658645,0.000216,,
424,1,0.981884063,6.52E-07,0.076643151,0.000216,,
425,1,0.981884063,4.84E-07,0.076668441,0.000216,,
426,1,0.981884063,5.21E-07,0.076688569,0.000216,,
427,1,0.981884063,1.54E-06,0.076710482,0.000216,,
428,1,0.981884063,7.87E-07,0.076732223,0.000216,,
429,1,0.981884063,1.11E-06,0.076753544,0.000216,,
430,1,0.981884063,2.75E-06,0.076857108,0.000216,,
431,1,0.981884063,1.97E-06,0.077016528,0.000216,,
432,1,0.981884063,3.99E-06,0.077166931,0.000216,,
433,1,0.981884063,6.65E-07,0.077359821,0.000216,,
434,1,0.981884063,1.34E-06,0.077450082,0.000216,,
435,1,0.981884063,8.04E-07,0.07750995,0.000216,,
436,1,0.981884062,9.43E-07,0.077561745,0.000216,,
437,1,0.981884062,1.05E-06,0.077569505,0.000216,,
438,1,0.981884062,5.36E-05,0.077330235,0.000216,,
439,1,0.981884063,5.36E-07,0.077319343,0.000216,,
440,1,0.981884063,1.82E-06,0.07738338,0.000216,,
441,1,0.981884063,2.51E-06,0.077427679,0.000216,,
442,1,0.981884063,1.79E-06,0.077606272,0.000216,,
443,1,0.981884063,7.53E-07,0.07768389,0.000216,,
444,1,0.981884063,7.88E-07,0.077731184,0.000216,,
445,1,0.981884063,2.24E-06,0.077793557,0.000216,,
446,1,0.981884063,2.33E-05,0.077419581,0.000216,,
447,1,0.981884063,8.67E-06,0.075327286,0.000216,,
448,1,0.981884063,1.25E-06,0.075144141,0.000216,,
449,1,0.981884062,1.74E-06,0.075163759,0.000216,,
450,1,0.981884062,1.21E-06,0.075212043,0.000216,,
451,1,0.981884062,7.73E-07,0.075248047,0.000216,,
452,1,0.981884063,1.03E-06,0.075303743,0.000216,,
453,1,0.981884063,1.45E-06,0.075369913,0.000216,,
454,1,0.981884063,1.12E-06,0.07539615,0.000216,,
455,1,0.981884063,1.09E-06,0.075427226,0.000216,,
456,1,0.981884063,1.26E-06,0.07545755,0.000216,,
457,1,0.981884063,8.43E-07,0.075493718,0.000216,,
458,1,0.981884063,5.45E-07,0.075517677,0.000216,,
459,1,0.981884063,1.28E-06,0.075562543,0.000216,,
460,1,0.981884063,6.67E-07,0.075612845,0.000216,,
461,1,0.981884062,4.81E-07,0.075648471,0.000216,,
462,1,0.981884062,1.29E-06,0.075649845,0.000216,,
463,1,0.985507252,9.93E-05,0.07132526,0.000216,,
464,1,0.985507252,9.29E-06,0.073302723,0.000216,,
465,1,0.985507252,2.67E-06,0.074032507,0.000216,,
466,1,0.985507252,2.12E-06,0.074304109,0.000216,,
467,1,0.985507252,1.78E-06,0.074347462,0.000216,,
468,1,0.985507252,7.45E-06,0.074307115,0.000216,,
469,1,0.985507252,1.66E-06,0.074293212,0.000216,,
470,1,0.985507252,4.04E-06,0.074388571,0.000216,,
471,1,0.985507252,2.85E-06,0.074344294,0.000216,,
472,1,0.985507252,2.09E-06,0.074319015,0.000216,,
473,1,0.985507252,6.49E-07,0.07433253,0.000216,,
474,1,0.985507252,3.52E-06,0.074186877,0.000216,,
475,1,0.985507252,4.38E-06,0.074099112,0.000216,,
476,1,0.985507252,4.63E-06,0.073856678,0.000216,,
477,1,0.985507252,9.06E-07,0.073766342,0.000216,,
478,1,0.985507252,2.51E-06,0.073631921,0.000216,,
479,1,0.985507252,5.42E-05,0.072794946,0.000216,,
480,1,0.985507252,1.35E-06,0.07299719,0.000216,,
481,1,0.985507252,8.97E-07,0.073047309,0.000216,,
482,1,0.985507252,8.62E-07,0.073060787,0.000216,,
483,1,0.985507252,9.75E-07,0.073062369,0.000216,,
484,1,0.985507252,1.09E-06,0.073061618,0.000216,,
485,1,0.985507252,1.26E-06,0.073027931,0.000216,,
486,1,0.985507252,1.09E-06,0.073001992,0.000216,,
487,1,0.985507252,1.74E-05,0.072895577,0.000216,,
488,1,0.985507252,9.78E-07,0.072346947,0.000216,,
489,1,0.985507252,2.02E-06,0.072285001,0.000216,,
490,1,0.985507252,7.67E-07,0.072273547,0.000216,,
491,1,0.985507252,1.99E-06,0.072275798,0.000216,,
492,1,0.985507252,2.28E-06,0.072267303,0.000216,,
493,1,0.985507252,1.74E-06,0.072264121,0.000216,,
494,1,0.985507252,2.19E-06,0.072242587,0.000216,,
495,1,0.985507252,5.91E-07,0.07222898,0.000216,,
496,1,0.985507252,9.68E-07,0.072236675,0.000216,,
497,1,0.985507252,1.55E-06,0.072236662,0.000216,,
498,1,0.985507252,1.03E-06,0.072234204,0.000216,,
499,1,0.985507254,7.24E-06,0.072676459,0.000216,,
500,1,0.985507252,2.18E-06,0.073056944,0.000216,,
