epoch,acc,val_acc,loss,val_loss,learning_rate,,158
1,0.094288305,0.141304348,2.082370557,2.079529482,0.001,,
2,0.131459658,0.141304348,2.079687885,2.080079972,0.001,,
3,0.116047146,0.119565215,2.079807825,2.080092449,0.001,,
4,0.125113328,0.141304348,2.079522394,2.079842829,0.001,,
5,0.126926565,0.206521743,2.077143212,2.060839133,0.001,,
6,0.152311878,0.148550722,2.060489042,2.090935373,0.001,,
7,0.15140526,0.173913046,2.067216613,2.044808996,0.001,,
8,0.241160473,0.13768116,2.156146931,2.262056603,0.001,,
9,0.140525841,0.177536234,2.102072853,2.011219708,0.001,,
10,0.182230284,0.239130436,1.959214316,1.875224713,0.001,,
11,0.185856755,0.260869566,2.001778196,1.939376755,0.001,,
12,0.217588396,0.286231888,1.948634562,1.860223621,0.001,,
13,0.284678154,0.355072474,1.798228164,1.595912258,0.001,,
14,0.390752493,0.445652172,1.487623636,1.307455183,0.001,,
15,0.504986413,0.605072451,1.225107602,1.042522415,0.001,,
16,0.632819578,0.663043483,0.933511223,0.779425558,0.001,,
17,0.677243875,0.702898562,0.802347193,0.714299169,0.001,,
18,0.761559387,0.731884069,0.63444518,0.688168576,0.001,,
19,0.668177701,0.673913044,0.914387565,0.790658343,0.001,,
20,0.771532186,0.797101454,0.631551051,0.572269029,0.001,,
21,0.847688116,0.81521739,0.437670857,0.431073703,0.001,,
22,0.860380769,0.865942006,0.379820739,0.335086244,0.001,,
23,0.87307343,0.833333325,0.348761173,0.429407684,0.001,,
24,0.870353577,0.880434777,0.355995654,0.337555531,0.001,,
25,0.891205797,0.876811603,0.300168011,0.291057848,0.001,,
26,0.895738897,0.887681166,0.264719116,0.298665724,0.001,,
27,0.910244793,0.902173914,0.234710765,0.301928777,0.001,,
28,0.91840436,0.753623193,0.236257907,0.763345111,0.001,,
29,0.776971896,0.768115944,0.628653569,0.555533727,0.001,,
30,0.8667271,0.880434791,0.384367104,0.318314352,0.001,,
31,0.911151408,0.916666685,0.237585468,0.240858736,0.001,,
32,0.946509531,0.829710136,0.160439397,0.495131068,0.001,,
33,0.873980059,0.84420291,0.380820901,0.486766871,0.001,,
34,0.923844077,0.847826073,0.242135783,0.459533395,0.001,,
35,0.948322768,0.887681189,0.156012398,0.381147509,0.001,,
36,0.954669099,0.873188404,0.140954374,0.398246464,0.001,,
37,0.958295567,0.858695634,0.123442556,0.420810193,0.001,,
38,0.962828658,0.887681167,0.103456121,0.31634316,0.001,,
39,0.973708074,0.916666684,0.074882649,0.241393677,0.001,,
40,0.981867636,0.931159432,0.064840399,0.258136247,0.001,,
41,0.979147782,0.887681167,0.061104156,0.309326578,0.001,,
42,0.972801457,0.923913059,0.071422276,0.288479578,0.001,,
43,0.978241165,0.905797125,0.075715647,0.311994803,0.001,,
44,0.976427928,0.905797111,0.067478455,0.379069857,0.001,,
45,0.956482327,0.909420298,0.13204273,0.359756305,0.001,,
46,0.967361747,0.898550737,0.105606187,0.362995586,0.001,,
47,0.984587493,0.905797124,0.057149046,0.311091813,0.001,,
48,0.980054401,0.894927538,0.04869165,0.290991835,0.001,,
49,0.980961022,0.909420308,0.04186721,0.333787727,0.001,,
50,0.987307347,0.909420311,0.045857958,0.310931764,0.001,,
51,0.990027203,0.923913059,0.035719174,0.248792459,0.001,,
52,0.993653674,0.942028994,0.017921752,0.258433513,0.001,,
53,0.996373528,0.913043498,0.012563205,0.299692294,0.001,,
54,0.99546691,0.927536246,0.011558865,0.253792636,0.001,,
55,0.996373528,0.931159432,0.014843815,0.248189249,0.001,,
56,0.993653674,0.923913057,0.020427735,0.283136219,0.001,,
57,0.984587494,0.934782621,0.036581893,0.223484934,0.001,,
58,0.985494112,0.880434779,0.039047392,0.428635917,0.001,,
59,0.968268366,0.876811593,0.090060202,0.412695336,0.001,,
60,0.975521313,0.902173913,0.083026744,0.286323271,0.001,,
61,0.989120584,0.913043498,0.037469714,0.227901462,0.001,,
62,0.993653674,0.931159433,0.029458496,0.200925484,0.001,,
63,0.992747056,0.92028987,0.020621483,0.272923123,0.001,,
64,0.982774257,0.909420284,0.046957555,0.306015691,0.001,,
65,0.99093382,0.920289874,0.03167428,0.262653789,0.001,,
66,0.99546691,0.93478262,0.013194139,0.263957256,0.001,,
67,0.996373528,0.923913059,0.015696978,0.26777762,0.001,,
68,0.999093382,0.945652183,0.006435699,0.219449246,0.001,,
69,0.999093382,0.927536246,0.007192889,0.3257774,0.001,,
70,0.999093383,0.952898556,0.007084575,0.215418639,0.001,,
71,0.998186764,0.927536249,0.005167904,0.263542294,0.001,,
72,0.992747056,0.923913061,0.023141805,0.339498183,0.001,,
73,0.997280146,0.884057954,0.009112007,0.514981165,0.001,,
74,0.94832276,0.786231888,0.162350024,0.889928016,0.001,,
75,0.926563927,0.836956512,0.212376421,0.428313883,0.001,,
76,0.953762481,0.862318834,0.137420483,0.401736771,0.001,,
77,0.968268363,0.931159433,0.074149562,0.213949132,0.001,,
78,0.990027202,0.916666686,0.026537158,0.250725251,0.001,,
79,0.994560292,0.920289873,0.017883325,0.313400268,0.001,,
80,0.988213966,0.913043496,0.033801768,0.325902472,0.001,,
81,0.993653674,0.913043499,0.020287953,0.322090126,0.001,,
82,0.996373528,0.927536248,0.016208797,0.276378507,0.001,,
83,0.997280146,0.920289874,0.012527004,0.375596286,0.001,,
84,0.99546691,0.894927549,0.014917947,0.484226865,0.001,,
85,0.990933816,0.931159436,0.02490773,0.274408245,0.001,,
86,0.996373528,0.905797123,0.017449349,0.352525401,0.001,,
87,0.994560292,0.865942043,0.022063481,0.624405043,0.001,,
88,0.990027202,0.93478262,0.025322573,0.309862021,0.001,,
89,0.99546691,0.913043498,0.013716618,0.290044727,0.001,,
90,1,0.931159433,0.003878426,0.275255081,0.001,,
91,1,0.923913059,0.002538457,0.327998712,0.001,,
92,1,0.934782619,0.002653172,0.303925368,0.001,,
93,0.999093382,0.923913058,0.003596289,0.335469224,0.001,,
94,0.998186764,0.909420312,0.004264136,0.36625384,0.001,,
95,1,0.909420312,0.003822649,0.386134862,0.001,,
96,0.999093382,0.92028987,0.00490277,0.365622081,0.001,,
97,1,0.9130435,0.002811334,0.337782293,0.001,,
98,1,0.905797124,0.002550971,0.459676496,0.001,,
99,0.999093382,0.927536246,0.002686086,0.324641125,0.001,,
100,1,0.938405807,0.000555025,0.320818901,0.001,,
101,1,0.931159433,0.000717564,0.349702512,0.001,,
102,1,0.934782621,0.001005774,0.337289993,0.001,,
103,1,0.927536245,0.001171376,0.346016687,0.001,,
104,1,0.952898554,0.000792984,0.325841197,0.001,,
105,1,0.934782621,0.000353361,0.34767065,0.001,,
106,1,0.927536247,0.000248084,0.358019428,0.001,,
107,0.998186765,0.942028993,0.002553119,0.299841951,0.001,,
108,1,0.927536247,0.000749282,0.346558349,0.001,,
109,1,0.909420312,0.000714092,0.361486816,0.001,,
110,1,0.905797124,0.000938563,0.382819383,0.001,,
111,0.994560292,0.902173938,0.010395516,0.409787469,0.001,,
112,0.992747056,0.916666659,0.014631874,0.475040737,0.001,,
113,0.992747056,0.891304375,0.023858911,0.512952638,0.001,,
114,0.998186764,0.927536248,0.010879383,0.353379438,0.001,,
115,0.999093382,0.927536244,0.004239441,0.339399027,0.001,,
116,0.999093382,0.927536245,0.002647709,0.326632832,0.001,,
117,0.998186765,0.920289871,0.006739794,0.322862843,0.001,,
118,0.997280146,0.902173936,0.011395296,0.488303127,0.001,,
119,0.998186764,0.927536245,0.004621088,0.386584991,0.001,,
120,1,0.923913059,0.000797215,0.369101557,0.001,,
121,0.999093382,0.905797122,0.00201587,0.477487503,0.001,,
122,1,0.93478262,0.001420684,0.373645705,0.001,,
123,0.998186764,0.90942031,0.003821773,0.491793705,0.001,,
124,0.995466911,0.931159432,0.014463719,0.338099529,0.001,,
125,0.992747056,0.902173937,0.016363791,0.479636554,0.001,,
126,0.992747056,0.909420311,0.022009519,0.41096334,0.001,,
127,0.997280147,0.920289871,0.015364251,0.317304922,0.001,,
128,0.993653674,0.909420313,0.022130246,0.392243998,0.001,,
129,0.994560292,0.93478262,0.014707027,0.314791452,0.001,,
130,0.998186764,0.927536246,0.006381584,0.336404762,0.001,,
131,0.999093382,0.938405807,0.002918628,0.26804447,0.001,,
132,1,0.93478262,0.001738854,0.268959482,0.001,,
133,1,0.938405805,0.001442465,0.311999377,0.001,,
134,0.999093382,0.949275369,0.007597718,0.246627252,0.001,,
135,1,0.927536245,0.001561993,0.322843342,0.001,,
136,0.999093382,0.956521743,0.002636856,0.244388483,0.001,,
137,0.999093382,0.956521744,0.003147696,0.236922587,0.001,,
138,1,0.934782619,0.001452482,0.25534101,0.001,,
139,1,0.938405807,0.001022503,0.324861576,0.001,,
140,1,0.942028993,0.00124361,0.267504515,0.001,,
141,1,0.94565218,0.000994632,0.269359561,0.001,,
142,0.999093382,0.945652181,0.001617442,0.252506654,0.001,,
143,0.999093382,0.934782621,0.001006167,0.365068584,0.001,,
144,0.998186765,0.942028993,0.003631039,0.375362782,0.001,,
145,0.997280146,0.923913058,0.008710721,0.464092179,0.001,,
146,0.996373528,0.916666684,0.011762278,0.413313862,0.001,,
147,0.99546691,0.920289874,0.01253321,0.358484528,0.001,,
148,0.994560292,0.894927561,0.01308553,0.437665732,0.001,,
149,0.994560293,0.927536246,0.010992003,0.313757948,0.001,,
150,0.988213966,0.894927539,0.028284136,0.532770478,0.001,,
151,0.994560292,0.938405806,0.013273143,0.324558008,0.001,,
152,0.998186764,0.942028993,0.00476861,0.27844334,0.001,,
153,1,0.92391306,0.002564137,0.344399125,0.001,,
154,0.999093382,0.945652181,0.001441794,0.253882122,0.001,,
155,1,0.938405806,0.000871445,0.258172301,0.001,,
156,1,0.942028992,0.000232483,0.265743606,0.001,,
157,0.999093382,0.923913058,0.002037612,0.255152812,0.001,,
158,1,0.95652174,0.000872029,0.230577633,0.001,,
159,1,0.952898555,0.000620716,0.27585604,0.001,,
160,1,0.949275367,0.000762949,0.283469139,0.001,,
161,0.999093382,0.949275366,0.001151594,0.296570884,0.001,,
162,1,0.923913058,0.000410574,0.371090611,0.001,,
163,1,0.942028992,0.00043025,0.321994842,0.001,,
164,1,0.949275367,0.000461228,0.316298135,0.001,,
165,1,0.952898555,0.000133864,0.298448776,0.001,,
166,1,0.956521742,0.000243694,0.276766174,0.001,,
167,1,0.952898555,0.000619552,0.296708609,0.001,,
168,1,0.938405805,0.000179299,0.41283217,0.001,,
169,0.999093382,0.931159431,0.001142806,0.352003412,0.001,,
170,1,0.945652181,0.000203206,0.292418759,0.001,,
171,1,0.952898554,0.000573174,0.296324868,0.001,,
172,1,0.94565218,6.65E-05,0.336378485,0.001,,
173,1,0.942028992,0.00017238,0.323420864,0.001,,
174,1,0.94565218,6.83E-05,0.311402851,0.001,,
175,1,0.94565218,0.000183207,0.289374801,0.001,,
176,1,0.94565218,5.66E-05,0.284871904,0.001,,
177,1,0.942028992,4.60E-05,0.286163837,0.001,,
178,1,0.942028992,2.85E-05,0.286533153,0.001,,
179,1,0.938405805,0.000111122,0.293217168,0.001,,
180,1,0.938405805,3.92E-05,0.298366151,0.001,,
181,1,0.938405805,6.71E-05,0.295798603,0.001,,
182,1,0.942028992,0.000266401,0.304463805,0.001,,
183,1,0.952898553,3.11E-05,0.353769229,0.001,,
184,1,0.952898554,0.000150667,0.349695034,0.001,,
185,1,0.952898554,0.000183488,0.299178341,0.001,,
186,1,0.952898555,5.22E-05,0.291038317,0.001,,
187,1,0.952898555,3.88E-05,0.288350586,0.001,,
188,1,0.949275368,0.000121199,0.28573204,0.001,,
189,1,0.945652181,2.74E-05,0.270702565,0.001,,
190,1,0.945652181,2.79E-05,0.268148062,0.001,,
191,0.999093382,0.905797124,0.00135628,0.665619039,0.001,,
192,0.988213965,0.826086961,0.045615392,1.138483368,0.001,,
193,0.970081606,0.884057989,0.137780625,0.442517881,0.001,,
194,0.909338176,0.869565218,0.258010971,0.54712777,0.001,,
195,0.951042623,0.847826073,0.126099323,0.512906966,0.001,,
196,0.984587494,0.916666685,0.065363548,0.332734942,0.001,,
197,0.992747056,0.913043496,0.032028224,0.296156206,0.001,,
198,0.993653675,0.916666685,0.021746159,0.301522991,0.001,,
199,0.994560292,0.920289874,0.014111443,0.313884058,0.001,,
200,0.99546691,0.891304375,0.013770218,0.513339255,0.001,,
201,0.997280146,0.927536246,0.006957329,0.296777074,0.0006,,
202,0.999093383,0.931159431,0.003871382,0.308919791,0.0006,,
203,0.999093382,0.898550724,0.003465188,0.431279176,0.0006,,
204,0.999093382,0.927536245,0.002073813,0.350792068,0.0006,,
205,1,0.931159431,0.000529566,0.348151659,0.0006,,
206,0.999093382,0.923913059,0.002793172,0.315499015,0.0006,,
207,1,0.905797122,0.000945887,0.385818909,0.0006,,
208,1,0.942028993,0.002413408,0.305139428,0.0006,,
209,1,0.934782618,0.000757669,0.308305049,0.0006,,
210,1,0.923913057,0.000443485,0.336256009,0.0006,,
211,1,0.920289869,0.000324101,0.346617641,0.0006,,
212,1,0.927536244,0.000237361,0.34081323,0.0006,,
213,1,0.942028992,0.000277156,0.332983526,0.0006,,
214,1,0.94565218,0.000135992,0.328007321,0.0006,,
215,1,0.942028992,0.000879281,0.332531587,0.0006,,
216,1,0.923913059,0.000419847,0.415718271,0.0006,,
217,0.999093382,0.927536244,0.001221148,0.356893179,0.0006,,
218,1,0.934782618,0.000842999,0.332825854,0.0006,,
219,1,0.934782618,0.000364946,0.322771281,0.0006,,
220,0.999093382,0.934782618,0.001100217,0.324262359,0.0006,,
221,1,0.927536245,0.000327097,0.333345457,0.0006,,
222,0.999093383,0.923913057,0.001210166,0.337840507,0.0006,,
223,0.999093382,0.942028993,0.001334684,0.343029262,0.0006,,
224,1,0.93478262,0.000329221,0.361220169,0.0006,,
225,0.999093382,0.934782619,0.001146761,0.360624938,0.0006,,
226,1,0.934782619,0.00029305,0.367644256,0.0006,,
227,0.999093383,0.945652181,0.001904093,0.346922304,0.0006,,
228,1,0.913043495,0.001983983,0.421201887,0.0006,,
229,1,0.916666683,0.00106898,0.375112431,0.0006,,
230,1,0.934782619,0.000172231,0.333948311,0.0006,,
231,1,0.942028993,0.000214949,0.314598797,0.0006,,
232,1,0.952898554,0.000148833,0.309498205,0.0006,,
233,1,0.938405806,0.000420059,0.327753425,0.0006,,
234,1,0.949275367,0.000323122,0.345622528,0.0006,,
235,1,0.923913058,0.000440359,0.37643073,0.0006,,
236,1,0.916666683,0.000102171,0.403590162,0.0006,,
237,1,0.927536244,0.000792638,0.348696521,0.0006,,
238,1,0.938405806,0.00010197,0.332674559,0.0006,,
239,1,0.942028993,0.000130236,0.327792663,0.0006,,
240,1,0.945652181,0.000239591,0.321445,0.0006,,
241,1,0.945652181,7.09E-05,0.323053473,0.0006,,
242,1,0.942028993,0.000124151,0.325350629,0.0006,,
243,1,0.945652181,5.93E-05,0.323097459,0.0006,,
244,1,0.945652181,9.88E-05,0.324936801,0.0006,,
245,1,0.942028993,0.000176973,0.328884704,0.0006,,
246,1,0.942028994,0.000100388,0.332303084,0.0006,,
247,1,0.942028994,0.000108942,0.336345868,0.0006,,
248,1,0.942028994,4.79E-05,0.339208783,0.0006,,
249,1,0.942028994,9.12E-05,0.340280871,0.0006,,
250,1,0.945652182,6.55E-05,0.340072609,0.0006,,
251,1,0.931159431,0.00021131,0.361638389,0.0006,,
252,1,0.934782619,0.00011871,0.384434036,0.0006,,
253,1,0.93478262,0.000225671,0.366089231,0.0006,,
254,1,0.938405807,3.35E-05,0.354059816,0.0006,,
255,1,0.945652181,0.000137971,0.350161639,0.0006,,
256,1,0.945652181,9.43E-05,0.348371479,0.0006,,
257,1,0.945652181,5.23E-05,0.346149186,0.0006,,
258,1,0.942028993,3.02E-05,0.344251459,0.0006,,
259,1,0.927536244,0.000234039,0.380041344,0.0006,,
260,1,0.923913057,3.75E-05,0.396256421,0.0006,,
261,1,0.923913057,0.000166887,0.397648706,0.0006,,
262,1,0.92028987,6.55E-05,0.398024009,0.0006,,
263,1,0.927536245,6.34E-05,0.393969348,0.0006,,
264,1,0.931159432,0.000100155,0.385813121,0.0006,,
265,0.999093382,0.916666683,0.002439937,0.436847813,0.0006,,
266,0.99546691,0.934782619,0.013548276,0.357739827,0.0006,,
267,0.99546691,0.90942031,0.009935991,0.417990396,0.0006,,
268,1,0.938405807,0.002144765,0.324810284,0.0006,,
269,1,0.942028994,0.001037454,0.303906432,0.0006,,
270,0.997280146,0.934782619,0.008126435,0.353864942,0.0006,,
271,0.998186764,0.934782619,0.003794443,0.307640525,0.0006,,
272,0.998186764,0.920289871,0.003858947,0.366965641,0.0006,,
273,1,0.923913058,0.001091748,0.427134754,0.0006,,
274,0.999093383,0.923913058,0.001557162,0.372781016,0.0006,,
275,0.999093383,0.934782619,0.001542302,0.381830186,0.0006,,
276,1,0.920289873,0.000285096,0.391911962,0.0006,,
277,1,0.942028994,0.000937,0.344653221,0.0006,,
278,1,0.920289869,0.000634173,0.390693767,0.0006,,
279,1,0.913043497,0.00059894,0.404901342,0.0006,,
280,1,0.920289869,0.000699842,0.394287519,0.0006,,
281,1,0.923913058,0.000368743,0.4282505,0.0006,,
282,1,0.913043496,0.000142048,0.434661982,0.0006,,
283,1,0.923913058,0.000303271,0.381953212,0.0006,,
284,1,0.927536245,5.31E-05,0.369930928,0.0006,,
285,1,0.931159432,8.14E-05,0.368991575,0.0006,,
286,1,0.93478262,0.000138241,0.36575264,0.0006,,
287,1,0.931159432,0.000155807,0.364273035,0.0006,,
288,1,0.927536245,9.18E-05,0.372268213,0.0006,,
289,1,0.931159432,0.000350403,0.371769475,0.0006,,
290,1,0.931159432,7.58E-05,0.369514963,0.0006,,
291,1,0.90942031,0.000570183,0.537276945,0.0006,,
292,1,0.923913058,0.000768455,0.492404569,0.0006,,
293,1,0.92028987,0.000117227,0.441885864,0.0006,,
294,1,0.923913057,0.000163367,0.420696389,0.0006,,
295,1,0.923913057,4.23E-05,0.409146032,0.0006,,
296,1,0.923913057,5.64E-05,0.406531071,0.0006,,
297,1,0.927536244,0.000139004,0.412691274,0.0006,,
298,1,0.927536245,4.91E-05,0.41740003,0.0006,,
299,1,0.927536245,0.000106276,0.422166231,0.0006,,
300,1,0.923913057,0.000294097,0.415439643,0.0006,,
301,1,0.913043496,0.00012755,0.403945714,0.00036,,
302,1,0.92028987,4.53E-05,0.396338492,0.00036,,
303,1,0.923913057,0.000108086,0.395999992,0.00036,,
304,1,0.927536244,2.67E-05,0.401711208,0.00036,,
305,1,0.931159431,9.81E-05,0.40370088,0.00036,,
306,1,0.931159431,3.40E-05,0.404600464,0.00036,,
307,1,0.931159431,2.05E-05,0.40522979,0.00036,,
308,1,0.931159431,2.86E-05,0.405777746,0.00036,,
309,1,0.931159431,2.87E-05,0.406104677,0.00036,,
310,1,0.927536245,7.57E-05,0.404827194,0.00036,,
311,1,0.927536245,0.000194868,0.406439117,0.00036,,
312,1,0.923913057,1.27E-05,0.424964705,0.00036,,
313,1,0.923913057,2.39E-05,0.431461458,0.00036,,
314,1,0.923913057,1.52E-05,0.432478679,0.00036,,
315,1,0.923913057,0.000101651,0.429991975,0.00036,,
316,1,0.927536244,3.81E-05,0.422128187,0.00036,,
317,1,0.927536244,2.09E-05,0.417124566,0.00036,,
318,1,0.931159431,1.41E-05,0.414664484,0.00036,,
319,1,0.931159431,1.33E-05,0.413804098,0.00036,,
320,1,0.931159431,2.40E-05,0.413887241,0.00036,,
321,1,0.931159431,1.98E-05,0.413574891,0.00036,,
322,1,0.931159431,1.39E-05,0.41317829,0.00036,,
323,1,0.931159431,2.59E-05,0.412353184,0.00036,,
324,1,0.931159431,1.02E-05,0.411485957,0.00036,,
325,1,0.931159431,1.52E-05,0.411007802,0.00036,,
326,1,0.931159431,1.48E-05,0.410515724,0.00036,,
327,1,0.931159431,7.64E-05,0.409039521,0.00036,,
328,1,0.931159431,6.07E-05,0.405609317,0.00036,,
329,1,0.931159431,4.95E-05,0.403907626,0.00036,,
330,1,0.931159431,3.01E-05,0.403807441,0.00036,,
331,1,0.931159431,4.29E-05,0.403217635,0.00036,,
332,1,0.931159431,3.04E-05,0.401656969,0.00036,,
333,1,0.931159431,5.05E-05,0.399383396,0.00036,,
334,1,0.931159431,1.75E-05,0.396314526,0.00036,,
335,1,0.931159431,6.44E-05,0.396911918,0.00036,,
336,1,0.934782618,6.18E-05,0.396005411,0.00036,,
337,1,0.934782619,1.83E-05,0.394550324,0.00036,,
338,1,0.934782619,0.000138236,0.389807145,0.00036,,
339,1,0.931159431,0.000218531,0.419315652,0.00036,,
340,1,0.927536244,4.41E-05,0.437503459,0.00036,,
341,1,0.927536244,5.12E-05,0.44166244,0.00036,,
342,1,0.927536244,1.76E-05,0.441630822,0.00036,,
343,1,0.927536244,1.90E-05,0.440615237,0.00036,,
344,1,0.927536244,1.35E-05,0.438556472,0.00036,,
345,1,0.931159431,0.000537378,0.394573547,0.00036,,
346,0.998186764,0.931159431,0.002548622,0.441649174,0.00036,,
347,1,0.93115943,0.000395509,0.37717916,0.00036,,
348,1,0.927536245,3.72E-05,0.389753437,0.00036,,
349,1,0.927536245,0.000609715,0.380969283,0.00036,,
350,1,0.931159432,7.62E-05,0.345462564,0.00036,,
351,0.999093382,0.898550751,0.003777724,0.566397309,0.00036,,
352,0.999093382,0.909420311,0.002926927,0.413468289,0.00036,,
353,0.998186765,0.894927542,0.003072025,0.523949864,0.00036,,
354,0.998186764,0.93478262,0.008094026,0.379367804,0.00036,,
355,0.996373528,0.894927539,0.006848701,0.57537763,0.00036,,
356,0.996373528,0.923913058,0.023831981,0.433721838,0.00036,,
357,0.998186764,0.916666683,0.00386681,0.499768411,0.00036,,
358,0.999093382,0.913043498,0.004011243,0.517793948,0.00036,,
359,0.999093382,0.927536246,0.004770547,0.387626695,0.00036,,
360,1,0.938405805,0.000292986,0.370857221,0.00036,,
361,0.999093382,0.902173914,0.002260999,0.494321777,0.00036,,
362,1,0.916666683,0.00075697,0.436761769,0.00036,,
363,1,0.934782619,0.000356626,0.371406746,0.00036,,
364,1,0.931159432,6.43E-05,0.36269732,0.00036,,
365,1,0.934782618,8.24E-05,0.364075246,0.00036,,
366,1,0.931159431,0.000248609,0.36815513,0.00036,,
367,1,0.931159431,9.78E-05,0.37054477,0.00036,,
368,1,0.931159431,0.000151679,0.376917704,0.00036,,
369,1,0.931159431,3.65E-05,0.385534325,0.00036,,
370,1,0.931159431,4.63E-05,0.388401362,0.00036,,
371,1,0.938405805,0.000276318,0.370841833,0.00036,,
372,1,0.934782619,0.00038943,0.349291057,0.00036,,
373,0.999093382,0.927536245,0.001175545,0.424800388,0.00036,,
374,1,0.923913058,0.000419257,0.452878856,0.00036,,
375,1,0.931159431,0.000103856,0.449493611,0.00036,,
376,1,0.931159431,0.000140234,0.442264625,0.00036,,
377,1,0.931159431,4.58E-05,0.433384374,0.00036,,
378,1,0.927536245,0.000126942,0.41842586,0.00036,,
379,1,0.934782618,0.000154608,0.400454863,0.00036,,
380,1,0.938405805,8.81E-05,0.394457414,0.00036,,
381,1,0.934782619,0.000248263,0.384509068,0.00036,,
382,1,0.927536245,0.000321853,0.368724544,0.00036,,
383,1,0.931159432,8.45E-05,0.365091322,0.00036,,
384,1,0.931159432,2.51E-05,0.364469695,0.00036,,
385,1,0.931159431,0.000118577,0.366600739,0.00036,,
386,1,0.934782619,9.91E-05,0.369429574,0.00036,,
387,1,0.934782619,4.10E-05,0.374054193,0.00036,,
388,1,0.923913058,0.00021789,0.397050309,0.00036,,
389,1,0.923913058,0.000383377,0.407804948,0.00036,,
390,0.999093382,0.92028987,0.000996701,0.405233822,0.00036,,
391,1,0.923913058,7.97E-05,0.439950452,0.00036,,
392,0.999093382,0.89855075,0.003260047,0.514687164,0.00036,,
393,0.999093382,0.927536245,0.001994504,0.384240473,0.00036,,
394,0.999093382,0.913043497,0.001698691,0.389030633,0.00036,,
395,1,0.916666684,0.000298279,0.384749809,0.00036,,
396,0.999093382,0.931159431,0.001104916,0.351609054,0.00036,,
397,0.999093383,0.927536244,0.00113603,0.305932035,0.00036,,
398,1,0.90942031,0.000556977,0.511660364,0.00036,,
399,0.999093382,0.931159431,0.001404056,0.365873992,0.00036,,
400,1,0.931159431,0.000410033,0.368364906,0.00036,,
401,1,0.931159431,5.34E-05,0.368110067,0.000216,,
402,1,0.931159431,5.88E-05,0.367730495,0.000216,,
403,1,0.931159431,0.000168813,0.376991385,0.000216,,
404,1,0.927536245,0.000143939,0.384212086,0.000216,,
405,1,0.931159431,3.82E-05,0.384289129,0.000216,,
406,1,0.927536244,1.91E-05,0.383766304,0.000216,,
407,1,0.927536244,0.000165645,0.386775934,0.000216,,
408,1,0.927536244,3.75E-05,0.397216399,0.000216,,
409,1,0.927536244,3.48E-05,0.398444671,0.000216,,
410,1,0.927536244,2.16E-05,0.397149904,0.000216,,
411,1,0.927536244,5.25E-05,0.394068691,0.000216,,
412,1,0.93115943,2.47E-05,0.391701758,0.000216,,
413,1,0.927536243,0.000127583,0.373060983,0.000216,,
414,1,0.93115943,3.88E-05,0.354595691,0.000216,,
415,1,0.938405804,1.21E-05,0.349767319,0.000216,,
416,1,0.938405804,2.11E-05,0.348129117,0.000216,,
417,1,0.938405804,3.04E-05,0.348194634,0.000216,,
418,1,0.938405804,2.20E-05,0.348607043,0.000216,,
419,1,0.938405804,5.30E-05,0.348219207,0.000216,,
420,1,0.938405804,4.39E-05,0.349331609,0.000216,,
421,1,0.934782616,3.68E-05,0.350684078,0.000216,,
422,1,0.934782616,4.06E-05,0.349822055,0.000216,,
423,1,0.93115943,7.82E-05,0.349347213,0.000216,,
424,1,0.93115943,1.12E-05,0.351643305,0.000216,,
425,1,0.93115943,3.95E-05,0.352452369,0.000216,,
426,1,0.93115943,2.64E-05,0.352377627,0.000216,,
427,1,0.93115943,9.43E-06,0.352565681,0.000216,,
428,1,0.93115943,2.33E-05,0.352618812,0.000216,,
429,1,0.927536243,4.15E-05,0.353250573,0.000216,,
430,1,0.927536243,4.38E-05,0.355145926,0.000216,,
431,1,0.93115943,2.31E-05,0.355971858,0.000216,,
432,1,0.93115943,8.01E-05,0.355870469,0.000216,,
433,1,0.93115943,2.01E-05,0.356271091,0.000216,,
434,1,0.934782618,3.52E-05,0.354774849,0.000216,,
435,1,0.934782618,8.58E-06,0.353601007,0.000216,,
436,1,0.93115943,3.86E-05,0.356304198,0.000216,,
437,1,0.934782618,4.19E-05,0.35791187,0.000216,,
438,1,0.934782618,1.41E-05,0.358613286,0.000216,,
439,1,0.934782618,1.74E-05,0.358714347,0.000216,,
440,1,0.93115943,2.49E-05,0.360914719,0.000216,,
441,1,0.93115943,2.11E-05,0.362376505,0.000216,,
442,1,0.93115943,1.60E-05,0.362829597,0.000216,,
443,1,0.93115943,5.02E-05,0.361966974,0.000216,,
444,1,0.93115943,4.00E-05,0.363481024,0.000216,,
445,1,0.927536243,7.10E-06,0.365145266,0.000216,,
446,1,0.927536243,1.50E-05,0.365732012,0.000216,,
447,1,0.927536243,4.85E-05,0.36533443,0.000216,,
448,1,0.927536243,1.36E-05,0.36724343,0.000216,,
449,1,0.927536243,3.77E-05,0.367530613,0.000216,,
450,1,0.927536243,9.51E-06,0.367133451,0.000216,,
451,1,0.927536243,3.94E-05,0.366685602,0.000216,,
452,1,0.93115943,9.67E-06,0.366294523,0.000216,,
453,1,0.93115943,1.00E-05,0.366212647,0.000216,,
454,1,0.934782618,7.83E-06,0.365800894,0.000216,,
455,1,0.934782618,1.17E-05,0.365985386,0.000216,,
456,1,0.934782618,2.90E-05,0.364750918,0.000216,,
457,1,0.934782618,2.12E-05,0.363811976,0.000216,,
458,1,0.934782618,1.99E-05,0.363565677,0.000216,,
459,1,0.938405805,2.19E-05,0.364273917,0.000216,,
460,1,0.938405805,1.01E-05,0.364606713,0.000216,,
461,1,0.923913057,0.00034666,0.402916591,0.000216,,
462,1,0.923913057,3.68E-05,0.420866899,0.000216,,
463,1,0.92028987,2.25E-05,0.42680065,0.000216,,
464,1,0.92028987,3.43E-05,0.425747168,0.000216,,
465,1,0.920289869,0.000165651,0.420951654,0.000216,,
466,1,0.927536244,1.13E-05,0.387934783,0.000216,,
467,1,0.931159431,2.30E-05,0.378874538,0.000216,,
468,1,0.931159431,1.95E-05,0.376030066,0.000216,,
469,1,0.92028987,0.000100316,0.382565744,0.000216,,
470,1,0.927536244,2.12E-05,0.388333655,0.000216,,
471,1,0.927536244,2.56E-05,0.390767785,0.000216,,
472,1,0.931159431,7.48E-05,0.380635328,0.000216,,
473,1,0.931159431,1.89E-05,0.37636139,0.000216,,
474,1,0.931159431,1.79E-05,0.376155129,0.000216,,
475,1,0.931159431,1.43E-05,0.376465037,0.000216,,
476,1,0.934782618,0.000164932,0.371323652,0.000216,,
477,1,0.934782618,0.00010051,0.357137641,0.000216,,
478,1,0.934782618,2.62E-05,0.350618923,0.000216,,
479,1,0.934782618,1.53E-05,0.349701933,0.000216,,
480,1,0.93115943,2.10E-05,0.349818256,0.000216,,
481,1,0.93115943,2.76E-05,0.350886004,0.000216,,
482,1,0.93115943,2.25E-05,0.352111459,0.000216,,
483,1,0.934782618,1.40E-05,0.353642156,0.000216,,
484,1,0.934782618,1.04E-05,0.354930059,0.000216,,
485,1,0.934782618,4.55E-05,0.352908047,0.000216,,
486,1,0.934782618,2.38E-05,0.352913397,0.000216,,
487,1,0.934782618,0.000187876,0.35343038,0.000216,,
488,1,0.934782619,1.87E-05,0.355183601,0.000216,,
489,1,0.934782619,4.89E-06,0.35610204,0.000216,,
490,1,0.934782619,2.39E-05,0.358355876,0.000216,,
491,1,0.931159431,5.14E-06,0.358951715,0.000216,,
492,1,0.931159431,8.08E-06,0.359260037,0.000216,,
493,1,0.934782619,1.81E-05,0.358121331,0.000216,,
494,1,0.934782619,5.12E-06,0.357788493,0.000216,,
495,1,0.934782619,5.66E-06,0.357703259,0.000216,,
496,1,0.934782619,4.46E-06,0.357675046,0.000216,,
497,1,0.934782619,3.20E-05,0.358752051,0.000216,,
498,1,0.931159431,1.35E-05,0.359803831,0.000216,,
499,1,0.931159431,3.79E-06,0.360296204,0.000216,,
500,1,0.931159431,7.55E-06,0.360472298,0.000216,,
